<?xml version="1.0" encoding="UTF-8"?>
<metadata xml:lang="en"><Esri><CreaDate>20191024</CreaDate><CreaTime>11554400</CreaTime><ArcGISFormat>1.0</ArcGISFormat><SyncOnce>TRUE</SyncOnce><DataProperties><itemProps><itemLocation><linkage Sync="TRUE">file://\\ERICK\D$\U\IIFIC\CAHUA\DelCahua-polygonCopy</linkage><protocol Sync="TRUE">Local Area Network</protocol></itemLocation></itemProps><copyHistory><copy source="D:\U\IIFIC\CAHUA\DelCahua-polygon" dest="\\ERICK\D$\U\IIFIC\CAHUA\DelCahua-polygonCopy" date="20191024" time="11554400"></copy></copyHistory></DataProperties></Esri></metadata>
